num_subscribers	subreddit
669480	trees
185809	drugs
102500	drunk
80604	psychonaut
43467	Nootropics
37752	microgrowery
25837	lsd
24055	DrugNerds
18845	cripplingalcoholism
16081	alcohol
14906	shrooms
13425	opiates
11347	tryptonaut
10069	MDMA
9391	shroomers
7585	dmt
5481	DrugStashes
5230	MMJ
4112	cocaine
4080	kratom
3674	ayahuasca
3565	druggardening
3496	OpiatesRecovery
3258	drugsarebeautiful
3074	cigarettes
2944	Psychedelic
2557	drugscirclejerk
2338	entheogens
2154	adderall
2097	tobacco
2070	Benzodiazepines
1748	ambien
1447	dxm
831	Pharms
778	mescaline
343	ketamine
303	Methadone
175	Borax
135	dissociatives
93 	ibogaine
84	Ecstasy
63	PCP
51	nitrous